-- MySQL Script generated by MySQL Workbench
-- Sat Dec  2 11:18:54 2023
-- Model: New Model    Version: 1.0
-- MySQL Workbench Forward Engineering

SET @OLD_UNIQUE_CHECKS=@@UNIQUE_CHECKS, UNIQUE_CHECKS=0;
SET @OLD_FOREIGN_KEY_CHECKS=@@FOREIGN_KEY_CHECKS, FOREIGN_KEY_CHECKS=0;
SET @OLD_SQL_MODE=@@SQL_MODE, SQL_MODE='ONLY_FULL_GROUP_BY,STRICT_TRANS_TABLES,NO_ZERO_IN_DATE,NO_ZERO_DATE,ERROR_FOR_DIVISION_BY_ZERO,NO_ENGINE_SUBSTITUTION';

-- -----------------------------------------------------
-- Schema mydb
-- -----------------------------------------------------

-- -----------------------------------------------------
-- Schema mydb
-- -----------------------------------------------------
CREATE SCHEMA IF NOT EXISTS `mydb` DEFAULT CHARACTER SET utf8 ;
USE `mydb` ;

-- -----------------------------------------------------
-- Table `mydb`.`Clientes`
-- -----------------------------------------------------
CREATE TABLE IF NOT EXISTS `mydb`.`Clientes` (
  `cpf` VARCHAR(15) NOT NULL,
  `nome` VARCHAR(45) NOT NULL,
  `sexo` CHAR(1) NOT NULL,
  `email` VARCHAR(45) NULL,
  PRIMARY KEY (`cpf`))
ENGINE = InnoDB;


-- -----------------------------------------------------
-- Table `mydb`.`Funcionarios`
-- -----------------------------------------------------
CREATE TABLE IF NOT EXISTS `mydb`.`Funcionarios` (
  `cpf` VARCHAR(15) NOT NULL,
  `nome` VARCHAR(45) NOT NULL,
  `sexo` VARCHAR(45) NOT NULL,
  `salario` DECIMAL(7,2) NOT NULL,
  `dataAd` DATETIME NOT NULL,
  `ch` INT NOT NULL,
  `email` VARCHAR(45) NOT NULL,
  `dataDem` DATETIME NULL,
  PRIMARY KEY (`cpf`))
ENGINE = InnoDB;


-- -----------------------------------------------------
-- Table `mydb`.`Pedidos`
-- -----------------------------------------------------
CREATE TABLE IF NOT EXISTS `mydb`.`Pedidos` (
  `idPedido` INT NOT NULL AUTO_INCREMENT,
  `dataPedido` DATETIME NOT NULL,
  `statusPedido` VARCHAR(15) NOT NULL,
  `valorPedido` DECIMAL(6,2) NOT NULL,
  `descricao` VARCHAR(120) NULL,
  `Clientes_cpf` VARCHAR(15) NOT NULL,
  `Funcionario_cpf` VARCHAR(15) NOT NULL,
  PRIMARY KEY (`idPedido`),
  INDEX `fk_Pedidos_Clientes_idx` (`Clientes_cpf` ASC) VISIBLE,
  INDEX `fk_Pedidos_Funcionario1_idx` (`Funcionario_cpf` ASC) VISIBLE,
  CONSTRAINT `fk_Pedidos_Clientes`
    FOREIGN KEY (`Clientes_cpf`)
    REFERENCES `mydb`.`Clientes` (`cpf`)
    ON DELETE CASCADE
    ON UPDATE NO ACTION,
  CONSTRAINT `fk_Pedidos_Funcionario1`
    FOREIGN KEY (`Funcionario_cpf`)
    REFERENCES `mydb`.`Funcionarios` (`cpf`)
    ON DELETE NO ACTION
    ON UPDATE NO ACTION)
ENGINE = InnoDB;


-- -----------------------------------------------------
-- Table `mydb`.`Produtos`
-- -----------------------------------------------------
CREATE TABLE IF NOT EXISTS `mydb`.`Produtos` (
  `idProduto` INT NOT NULL AUTO_INCREMENT,
  `nome` VARCHAR(45) NOT NULL,
  `desc` VARCHAR(45) NOT NULL,
  `precoUnitario` DECIMAL(6,2) ZEROFILL NOT NULL,
  `categoria` VARCHAR(45) NOT NULL,
  `qtd` INT NOT NULL,
  PRIMARY KEY (`idProduto`))
ENGINE = InnoDB;


-- -----------------------------------------------------
-- Table `mydb`.`itensVenda`
-- -----------------------------------------------------
CREATE TABLE IF NOT EXISTS `mydb`.`itensVenda` (
  `Produto_idProduto` INT NOT NULL,
  `Pedidos_idPedido` INT NOT NULL,
  PRIMARY KEY (`Produto_idProduto`, `Pedidos_idPedido`),
  INDEX `fk_Produto_has_Pedidos_Pedidos1_idx` (`Pedidos_idPedido` ASC) VISIBLE,
  INDEX `fk_Produto_has_Pedidos_Produto1_idx` (`Produto_idProduto` ASC) VISIBLE,
  CONSTRAINT `fk_Produto_has_Pedidos_Produto1`
    FOREIGN KEY (`Produto_idProduto`)
    REFERENCES `mydb`.`Produtos` (`idProduto`)
    ON DELETE NO ACTION
    ON UPDATE NO ACTION,
  CONSTRAINT `fk_Produto_has_Pedidos_Pedidos1`
    FOREIGN KEY (`Pedidos_idPedido`)
    REFERENCES `mydb`.`Pedidos` (`idPedido`)
    ON DELETE NO ACTION
    ON UPDATE NO ACTION)
ENGINE = InnoDB;


-- -----------------------------------------------------
-- Table `mydb`.`Fornecedor`
-- -----------------------------------------------------
CREATE TABLE IF NOT EXISTS `mydb`.`Fornecedor` (
  `cnpj` INT NOT NULL,
  `email` VARCHAR(45) NOT NULL,
  `nome` VARCHAR(45) NOT NULL,
  `precofrete` DECIMAL(6,2) NOT NULL,
  `prazoEntrega` VARCHAR(45) NOT NULL,
  `descricao` VARCHAR(120) NULL,
  PRIMARY KEY (`cnpj`))
ENGINE = InnoDB;


-- -----------------------------------------------------
-- Table `mydb`.`Transacao Financeira`
-- -----------------------------------------------------
CREATE TABLE IF NOT EXISTS `mydb`.`Transacao Financeira` (
  `idTransacao Financeira` INT ZEROFILL NOT NULL,
  `dataTransicaol` DATETIME NOT NULL,
  `tipo` VARCHAR(45) NOT NULL,
  `valor` DECIMAL(7,2) NOT NULL,
  `Funcionario_cpf` VARCHAR(15) NULL,
  `Fornecedor_cnpj` INT NULL,
  PRIMARY KEY (`idTransacao Financeira`),
  INDEX `fk_Transacao Financeira_Funcionario1_idx` (`Funcionario_cpf` ASC) VISIBLE,
  INDEX `fk_Transacao Financeira_Fornecedor1_idx` (`Fornecedor_cnpj` ASC) VISIBLE,
  CONSTRAINT `fk_Transacao Financeira_Funcionario1`
    FOREIGN KEY (`Funcionario_cpf`)
    REFERENCES `mydb`.`Funcionarios` (`cpf`)
    ON DELETE NO ACTION
    ON UPDATE NO ACTION,
  CONSTRAINT `fk_Transacao Financeira_Fornecedor1`
    FOREIGN KEY (`Fornecedor_cnpj`)
    REFERENCES `mydb`.`Fornecedor` (`cnpj`)
    ON DELETE NO ACTION
    ON UPDATE NO ACTION)
ENGINE = InnoDB;


-- -----------------------------------------------------
-- Table `mydb`.`Telefone`
-- -----------------------------------------------------
CREATE TABLE IF NOT EXISTS `mydb`.`Telefone` (
  `idTelefone` INT NOT NULL,
  `numero` VARCHAR(45) NOT NULL,
  `Clientes_cpf` VARCHAR(15) NULL,
  `Funcionario_cpf` VARCHAR(15) NULL,
  `Fornecedor_cnpj` INT NULL,
  PRIMARY KEY (`idTelefone`),
  UNIQUE INDEX `numero_UNIQUE` (`numero` ASC) VISIBLE,
  INDEX `fk_Telefone_Clientes1_idx` (`Clientes_cpf` ASC) VISIBLE,
  INDEX `fk_Telefone_Funcionario1_idx` (`Funcionario_cpf` ASC) VISIBLE,
  INDEX `fk_Telefone_Fornecedor1_idx` (`Fornecedor_cnpj` ASC) VISIBLE,
  CONSTRAINT `fk_Telefone_Clientes1`
    FOREIGN KEY (`Clientes_cpf`)
    REFERENCES `mydb`.`Clientes` (`cpf`)
    ON DELETE NO ACTION
    ON UPDATE NO ACTION,
  CONSTRAINT `fk_Telefone_Funcionario1`
    FOREIGN KEY (`Funcionario_cpf`)
    REFERENCES `mydb`.`Funcionarios` (`cpf`)
    ON DELETE NO ACTION
    ON UPDATE NO ACTION,
  CONSTRAINT `fk_Telefone_Fornecedor1`
    FOREIGN KEY (`Fornecedor_cnpj`)
    REFERENCES `mydb`.`Fornecedor` (`cnpj`)
    ON DELETE NO ACTION
    ON UPDATE NO ACTION)
ENGINE = InnoDB;


-- -----------------------------------------------------
-- Table `mydb`.`Compras`
-- -----------------------------------------------------
CREATE TABLE IF NOT EXISTS `mydb`.`Compras` (
  `idCompra` INT NOT NULL,
  `data` DATETIME NOT NULL,
  `valor` DECIMAL(7,2) NOT NULL,
  `custoAd` DECIMAL(6,2) NULL,
  `Produto_idProduto` INT NOT NULL,
  `Fornecedor_cnpj` INT NOT NULL,
  PRIMARY KEY (`idCompra`),
  INDEX `fk_Compras_Produto1_idx` (`Produto_idProduto` ASC) VISIBLE,
  INDEX `fk_Compras_Fornecedor1_idx` (`Fornecedor_cnpj` ASC) VISIBLE,
  CONSTRAINT `fk_Compras_Produto1`
    FOREIGN KEY (`Produto_idProduto`)
    REFERENCES `mydb`.`Produtos` (`idProduto`)
    ON DELETE NO ACTION
    ON UPDATE NO ACTION,
  CONSTRAINT `fk_Compras_Fornecedor1`
    FOREIGN KEY (`Fornecedor_cnpj`)
    REFERENCES `mydb`.`Fornecedor` (`cnpj`)
    ON DELETE NO ACTION
    ON UPDATE NO ACTION)
ENGINE = InnoDB;


-- -----------------------------------------------------
-- Table `mydb`.`Custos`
-- -----------------------------------------------------
CREATE TABLE IF NOT EXISTS `mydb`.`Custos` (
  `idCusto` INT NOT NULL,
  `valorPag` DECIMAL(7,2) NOT NULL,
  `dataPag` DATETIME NOT NULL,
  `dataVenc` DATETIME NOT NULL,
  `juros` DECIMAL(4,2) NULL,
  `Compras_idCompra` INT NOT NULL,
  PRIMARY KEY (`idCusto`, `Compras_idCompra`),
  INDEX `fk_Custo_Compras1_idx` (`Compras_idCompra` ASC) VISIBLE,
  CONSTRAINT `fk_Custo_Compras1`
    FOREIGN KEY (`Compras_idCompra`)
    REFERENCES `mydb`.`Compras` (`idCompra`)
    ON DELETE NO ACTION
    ON UPDATE NO ACTION)
ENGINE = InnoDB;


-- -----------------------------------------------------
-- Table `mydb`.`Cargos`
-- -----------------------------------------------------
CREATE TABLE IF NOT EXISTS `mydb`.`Cargos` (
  `idCargo` INT NOT NULL,
  `nome` VARCHAR(45) NOT NULL,
  `salariomin` DECIMAL(7,2) NOT NULL,
  `salariomax` DECIMAL(7,2) NOT NULL,
  PRIMARY KEY (`idCargo`))
ENGINE = InnoDB;


-- -----------------------------------------------------
-- Table `mydb`.`Trabalhar`
-- -----------------------------------------------------
CREATE TABLE IF NOT EXISTS `mydb`.`Trabalhar` (
  `gratificacao` DECIMAL(6,2) NULL,
  `Funcionario_cpf` VARCHAR(15) NOT NULL,
  `Cargo_idCargo` INT NOT NULL,
  PRIMARY KEY (`Funcionario_cpf`, `Cargo_idCargo`),
  INDEX `fk_Trabalhar_Cargo1_idx` (`Cargo_idCargo` ASC) VISIBLE,
  CONSTRAINT `fk_Trabalhar_Funcionario1`
    FOREIGN KEY (`Funcionario_cpf`)
    REFERENCES `mydb`.`Funcionarios` (`cpf`)
    ON DELETE NO ACTION
    ON UPDATE NO ACTION,
  CONSTRAINT `fk_Trabalhar_Cargo1`
    FOREIGN KEY (`Cargo_idCargo`)
    REFERENCES `mydb`.`Cargos` (`idCargo`)
    ON DELETE NO ACTION
    ON UPDATE NO ACTION)
ENGINE = InnoDB;


-- -----------------------------------------------------
-- Table `mydb`.`EnderecoFunc`
-- -----------------------------------------------------
CREATE TABLE IF NOT EXISTS `mydb`.`EnderecoFunc` (
  `rua` VARCHAR(45) NOT NULL,
  `cidade` VARCHAR(45) NOT NULL,
  `CEP` VARCHAR(9) NOT NULL,
  `uf` VARCHAR(2) NOT NULL,
  `bairro` VARCHAR(45) NOT NULL,
  `numero` INT NULL,
  `complemento` VARCHAR(25) NULL,
  `Funcionario_cpf` VARCHAR(15) NOT NULL,
  PRIMARY KEY (`Funcionario_cpf`),
  CONSTRAINT `fk_EnderecoFunc_Funcionario1`
    FOREIGN KEY (`Funcionario_cpf`)
    REFERENCES `mydb`.`Funcionarios` (`cpf`)
    ON DELETE NO ACTION
    ON UPDATE NO ACTION)
ENGINE = InnoDB;


-- -----------------------------------------------------
-- Table `mydb`.`EnderecoForn`
-- -----------------------------------------------------
CREATE TABLE IF NOT EXISTS `mydb`.`EnderecoForn` (
  `rua` VARCHAR(45) NOT NULL,
  `cidade` VARCHAR(45) NOT NULL,
  `CEP` VARCHAR(9) NOT NULL,
  `uf` VARCHAR(2) NOT NULL,
  `bairro` VARCHAR(45) NOT NULL,
  `numero` INT NULL,
  `complemento` VARCHAR(25) NULL,
  `Fornecedor_cnpj` INT NOT NULL,
  PRIMARY KEY (`Fornecedor_cnpj`),
  CONSTRAINT `fk_EnderecoForn_Fornecedor1`
    FOREIGN KEY (`Fornecedor_cnpj`)
    REFERENCES `mydb`.`Fornecedor` (`cnpj`)
    ON DELETE NO ACTION
    ON UPDATE NO ACTION)
ENGINE = InnoDB;


-- -----------------------------------------------------
-- Table `mydb`.`Entregas`
-- -----------------------------------------------------
CREATE TABLE IF NOT EXISTS `mydb`.`Entregas` (
  `idEntrega` INT NOT NULL,
  `dataEntrega` DATETIME NOT NULL,
  `statusEntrega` VARCHAR(45) NOT NULL,
  `Funcionario_cpf` VARCHAR(15) NOT NULL,
  `Pedidos_idPedido` INT NOT NULL,
  PRIMARY KEY (`idEntrega`, `Funcionario_cpf`, `Pedidos_idPedido`),
  INDEX `fk_Entrega_Funcionario1_idx` (`Funcionario_cpf` ASC) VISIBLE,
  INDEX `fk_Entrega_Pedidos1_idx` (`Pedidos_idPedido` ASC) VISIBLE,
  CONSTRAINT `fk_Entrega_Funcionario1`
    FOREIGN KEY (`Funcionario_cpf`)
    REFERENCES `mydb`.`Funcionarios` (`cpf`)
    ON DELETE NO ACTION
    ON UPDATE NO ACTION,
  CONSTRAINT `fk_Entrega_Pedidos1`
    FOREIGN KEY (`Pedidos_idPedido`)
    REFERENCES `mydb`.`Pedidos` (`idPedido`)
    ON DELETE NO ACTION
    ON UPDATE NO ACTION)
ENGINE = InnoDB;



insert into Funcionarios (cpf, nome , sexo, salario, dataAd, ch, email) values 
("777.888.999-44", "Edson Nascimento", "M", 1300.0, '2023=06=12 14:00:00', 40, "EdsonNasc@gmail.com"),
  ("111.222.333-55", "Ana Silva", "F", 1500.0, '2023-05-20 09:30:00', 35, "ana.silva@email.com"),
  ("444.555.666-77", "Carlos Oliveira", "M", 1800.0, '2023-04-15 11:45:00', 42, "carlos.oliveira@email.com"),
  ("888.999.000-11", "Mariana Santos", "F", 1600.0, '2023-03-10 08:00:00', 38, "mariana.santos@email.com"),
  ("123.456.789-00", "José Pereira", "M", 2000.0, '2023-02-05 10:15:00', 40, "jose.pereira@email.com"),
  ("987.654.321-00", "Patrícia Lima", "F", 1700.0, '2023-01-01 13:30:00', 37, "patricia.lima@email.com"),
  ("555.666.777-88", "Rafaela Oliveira", "F", 1900.0, '2022-12-25 14:45:00', 39, "rafaela.oliveira@email.com"),
  ("333.444.555-66", "Lucas Rodrigues", "M", 2200.0, '2022-11-20 16:00:00', 45, "lucas.rodrigues@email.com"),
  ("999.000.111-22", "Fernanda Costa", "F", 2100.0, '2022-10-15 18:15:00', 41, "fernanda.costa@email.com"),
  ("777.888.999-00", "Gustavo Silva", "M", 2400.0, '2022-09-10 20:30:00', 48, "gustavo.silva@email.com"),
  ("111.222.333-44", "Isabela Oliveira", "F", 2300.0, '2022-08-05 22:45:00', 44, "isabela.oliveira@email.com"),
  ("444.555.666-88", "Roberto Pereira", "M", 2600.0, '2022-07-01 09:00:00', 50, "roberto.pereira@email.com"),
  ("888.999.000-22", "Camila Lima", "F", 2500.0, '2022-06-25 11:15:00', 46, "camila.lima@email.com"),
  ("123.456.789-11", "Diego Santos", "M", 2800.0, '2022-05-20 13:30:00', 52, "diego.santos@email.com"),
  ("987.654.321-11", "Carolina Costa", "F", 2700.0, '2022-04-15 15:45:00', 49, "carolina.costa@email.com"),
  ("111.222.333-75", "Mariana Oliveira", "F", 1600.0, '2023-08-20 10:30:00', 35, "mariana.oliveira@email.com"),
  ("444.555.666-78", "Carlos Pereira", "M", 2000.0, '2023-07-15 12:45:00', 40, "carlos.pereira@email.com"),
  ("888.799.000-11", "Camila Santos", "F", 1800.0, '2023-06-10 09:00:00', 38, "camila.santos@email.com"),
  ("123.486.789-00", "Lucas Silva", "M", 2200.0, '2023-05-05 11:15:00', 42, "lucas.silva@email.com"),
  ("987.634.321-00", "Amanda Costa", "F", 1900.0, '2023-04-01 14:30:00', 39, "amanda.costa@email.com");

insert into Clientes (cpf, nome, sexo, email) values 
("159.753.456-21", "Matheus Sena", "M", "MatheuszinhoRdE@gmail.com"),
("987.654.321-98", "Amanda Oliveira", "F", "amanda.oliveira@email.com"),
("456.789.123-54", "Lucas Souza", "M", "lucas.souza@email.com"),
("321.654.987-87", "Mariana Lima", "F", "mariana.lima@email.com"),
("789.123.456-32", "Pedro Costa", "M", "pedro.costa@email.com"),
(98387482311, "Matheus Leonides", "M", "MatheusLL@gmail.com"),
(99987656722, "Coxinha de lima", "M", "coxinha@gmail.com"),
(88890132133, "Edson julio freitas", "M", "Ejfreitas@hotmail.com"),
(77766788777, "Juliana alves de luna", "F", "jujuluna@outlook.com"),
(12345678901, "Ana Silva", "F", "ana.silva@example.com"),
(23456789012, "Ricardo Santos", "M", "ricardo.santos@example.com"),
(34567890123, "Beatriz Oliveira", "F", "beatriz.oliveira@example.com"),
(45678901234, "Carlos Pereira", "M", "carlos.pereira@example.com"),
(56789012345, "Daniela Costa", "F", "daniela.costa@example.com"),
(67890123456, "Eduardo Lima", "M", "eduardo.lima@example.com"),
(78901234567, "Fernanda Rocha", "F", "fernanda.rocha@example.com"),
(89012345678, "Gabriel Oliveira", "M", "gabriel.oliveira@example.com"),
(90123456789, "Helena Santos", "F", "helena.santos@example.com"),
(11223344556, "Igor Lima", "M", "igor.lima@example.com"),
(22334455667, "Júlia Costa", "F", "julia.costa@example.com"),
(33445566778, "Kaique Oliveira", "M", "kaique.oliveira@example.com"),
(44556677889, "Luana Silva", "F", "luana.silva@example.com"),
(55667788990, "Maurício Santos", "M", "mauricio.santos@example.com"),
(66778899001, "Natalia Lima", "F", "natalia.lima@example.com"),
(77889900112, "Otávio Oliveira", "M", "otavio.oliveira@example.com");


insert into Cargos(idCargo, nome, salariomin, salariomax) values 
(1, "Diretor de RH", 3500.0, 12000.0),
  (2, "Coordenador de Recursos Humanos", 2800.0, 9000.0),
  (3, "Recrutador de RH", 2000.0, 7000.0),
  (4, "Treinador de RH", 1800.0, 6000.0),
  (5, "Diretor de marketing", 4000.0, 15000.0),
  (6, "Gerente de marketing", 3000.0, 12000.0),
  (7, "Coordenador de marketing", 2500.0, 10000.0),
  (8, "Designer gráfico", 2000.0, 8000.0),
  (9, "Diretor contábil", 3800.0, 13000.0),
  (10, "Contador", 2800.0, 10000.0),
  (11, "Auxiliar contábil", 1800.0, 6000.0),
  (12, "Técnico contábil", 2200.0, 8000.0),
  (13, "Diretor administrativo", 4000.0, 15000.0),
  (14, "Auxiliar administrativo", 2000.0, 8000.0),
  (15, "Diretor técnico", 3500.0, 12000.0),
  (16, "Confeiteiro", 1200.0, 6000.0),
  (17, "Auxiliar de confeiteiro", 1000.0, 4000.0),
  (18, "Diretor de Vendas", 4000.0, 15000.0),
  (19, "Operador de Caixa", 1200.0, 5000.0),
  (20, "Atendente numa doceria", 1000.0, 4000.0),
  (21, "Gerente", 3000.0, 12000.0),
  (22, "Limpeza e Manutenção", 1000.0, 4000.0),
  (23, "Entregador", 1200.0, 5000.0);

INSERT INTO Fornecedor (cnpj, email, nome, precoFrete, prazoEntrega, descricao)
VALUES
    ('112233445', 'info@fornecedora.com', 'Cacau & Cia Distribuidora', 9.99, 3, 'Especializada em cacau e chocolates'),
    ('223365556', 'contato@docesimportados.com', 'Doces Importados Global', 12.50, 5, 'Importação de doces premium'),
    ('364455667', 'sac@organicosdelivery.com', 'OrganicosDelivery', 8.75, 4, 'Entrega de produtos orgânicos para doces'),
    ('445656778', 'atendimento@chocolatespremium.com', 'Chocolates Premium Ltda.', 15.99, 2, 'Chocolates finos e exclusivos'),
    ('556679589', 'embalagenscriativas@email.com', 'Embalagens Criativas S/A', 6.25, 6, 'Soluções inovadoras em embalagens para doces'),
    ('661238990', 'frutasfrescas@distribution.com', 'Frutas Frescas Distribution', 10.20, 4, 'Fornecimento de frutas frescas para sobremesas'),
    ('798799001', 'gourmetingredients@email.com', 'Gourmet Ingredients Trading', 12.75, 5, 'Distribuição de ingredientes gourmet'),
    ('889620112', 'semgluten@alimentos.com', 'SemGlúten Alimentos Especiais', 8.50, 3, 'Produtos sem glúten para confeitaria saudável'),
    ('956011223', 'tradicaodoces@regionais.com', 'Tradição Doces Regionais', 9.80, 4, 'Fornecimento de ingredientes para doces tradicionais'),
    ('101122334', 'utensiliosconfeitaria@email.com', 'Utensílios Confeitaria & Cia', 10.90, 2, 'Ampla variedade de utensílios para confeitaria'),
    ('112143435', 'contato@deliciasdoces.com', 'Delícias Doces Ltda.', 7.99, 3, 'Especializada em ingredientes para sobremesas'),
    ('223344556', 'importadora@chocolovers.com', 'Chocolovers Importadora', 11.50, 5, 'Importação de chocolates de alta qualidade'),
    ('334455667', 'organicosdelivery@email.com', 'Orgânicos Delivery', 8.25, 4, 'Entrega de produtos orgânicos certificados'),
    ('445566778', 'atendimento@chocodeluxe.com', 'Choco Deluxe S/A', 14.99, 2, 'Chocolates de luxo e requinte'),
    ('556677889', 'embalagenscriativas@email.com', 'Embalagens Criativas & Co.', 5.75, 6, 'Soluções inovadoras em embalagens para confeitaria'),
    ('667788990', 'frutasfrescas@distribution.com', 'Frutas Frescas Distribuição', 9.50, 4, 'Fornecimento de frutas frescas para confeitaria'),
    ('778899001', 'gourmetingredients@email.com', 'Gourmet Ingredients Corp.', 11.25, 5, 'Distribuição de ingredientes gourmet exclusivos'),
    ('889900112', 'produtossemgluten@email.com', 'Produtos Sem Glúten Ltda.', 7.80, 3, 'Especializados em produtos sem glúten para confeitaria'),
    ('990011223', 'tradicionaldoces@email.com', 'Tradicional Doces & Cia.', 9.20, 4, 'Fornecimento de ingredientes para doces tradicionais e regionais'),
    ('001122334', 'utensiliosconfeitaria@email.com', 'Utensílios Confeitaria Global', 10.50, 2, 'Ampla variedade de utensílios para confeitaria e culinária');

INSERT INTO Produtos (nome, `desc`, precoUnitario, categoria, qtd)
VALUES
("Cupcake Chocolate", "Mini bolo sabor chocolate, ideal para servir uma pessoa", 8.70, "Bolos", 1),
("Fatia Bolo de Morango", "Delicioso bolo de morango fresco, perfeito para ocasiões especiais", 12.50, "Bolos", 1),
("Caixa de Brigadeiros Gourmet", "Seleção irresistível de brigadeiros gourmet em uma elegante caixa", 20.00, "Doces Finos", 1),
("Cookie de Nozes", "Cookie macio com pedaços de nozes, uma explosão de sabor", 3.50, "Cookies", 1),
("Fatia Torta de Limão", "Torta refrescante com recheio de limão, ideal para dias quentes", 18.90, "Tortas", 1),
("Cupcake de Baunilha", "Saboroso cupcake de baunilha decorado, perfeito para festas", 7.50, "Bolos", 1),
("Fatia Bolo Red Velvet", "Bolo aveludado com cream cheese, uma delícia para qualquer ocasião", 15.90, "Bolos", 1),
("Caixa de Macarons Sortidos", "Uma variedade colorida de macarons franceses em uma elegante caixa", 25.00, "Doces Finos", 1),
("Cookies de Chocolate Branco e Framboesa", "Cookies indulgentes com chocolate branco e framboesas frescas", 4.20, "Cookies", 1),
("Fatia Torta de Maçã", "Torta clássica de maçã com uma crosta dourada e recheio suculento", 22.50, "Tortas", 1),
("Cupcake de Limão", "Cupcake leve com sabor refrescante de limão, perfeito para um lanche", 6.80, "Bolos", 1),
("Fatia Bolo de Chocolate Triplo", "Bolo rico e decadente com três camadas de chocolate", 19.50, "Bolos", 1),
("Caixa de Trufas de Chocolate Amargo", "Trufas indulgentes feitas com chocolate amargo de alta qualidade", 28.00, "Doces Finos", 1),
("Cookies de Manteiga de Amendoim", "Cookies macios com generosas porções de manteiga de amendoim", 3.80, "Cookies", 1),
("Fatia Torta de Cereja", "Torta clássica de cereja com uma massa escamosa e recheio frutado", 17.80, "Tortas", 1),
("Cupcake Red Velvet", "Cupcake aveludado com cobertura de cream cheese, uma tentação irresistível", 8.90, "Bolos", 1),
("Fatia Bolo de Coco", "Bolo leve e úmido com sabor tropical de coco, perfeito para verões quentes", 14.20, "Bolos", 1),
("Caixa de Doces Finos Sortidos", "Uma seleção luxuosa de doces finos para deleitar o paladar", 35.00, "Doces Finos", 1),
("Cookies de Aveia com Passas", "Cookies saudáveis e deliciosos com aveia e passas suculentas", 4.00, "Cookies", 1),
("Fatia Torta de Pêssego", "Torta doce e reconfortante recheada com pêssegos frescos e suculentos", 21.50, "Tortas", 1),
("Cupcake de Morango", "Cupcake leve com recheio de morango fresco, uma explosão de frutas", 7.90, "Bolos", 1),
("Fatia Bolo de Nozes e Caramelo", "Bolo rico em nozes, regado com caramelo dourado, uma verdadeira indulgência", 23.50, "Bolos", 1),
("Caixa de Bombons Finos", "Uma caixa luxuosa de bombons finos em diversos sabores irresistíveis", 30.00, "Doces Finos", 1),
("Cookies Duplo Chocolate", "Cookies decadentes com uma dupla dose de chocolate para os amantes do cacau", 4.50, "Cookies", 1),
("Fatia Torta de Banana Caramelada", "Torta deliciosamente doce com bananas carameladas e uma crosta crocante", 19.90, "Tortas", 1);

insert into EnderecoFunc (Funcionario_cpf, rua , cidade, CEP, uf, bairro, numero , complemento) values 
("777.888.999-44", "Rua Juarez Millet", "Recife", "50771-040", "PE", "Jiquiá", 477, "Casa"),
("111.222.333-44", "Rua das Flores", "Recife", "51010-001", "PE", "Boa Viagem", 123, "Apto 101"),
("111.222.333-55", "Avenida da Praia", "Recife", "51020-002", "PE", "Pina", 456, "Casa B"),
("111.222.333-75", "Rua do Comércio", "Recife", "51030-003", "PE", "Santo Amaro", 789, "Sala 3"),
("123.456.789-00", "Rua do Mercado", "Olinda", "53000-004", "PE", "Centro", 101, "Loja A"),
("123.456.789-11", "Avenida Principal", "Camaragibe", "54770-005", "PE", "Cidade Universitária", 202, "Casa E"),
("123.486.789-00", "Rua do Parque", "Recife", "51040-006", "PE", "Jardim São Paulo", 303, "Apto 202"),
("333.444.555-66", "Avenida dos Esportes", "Jaboatão dos Guararapes", "54300-007", "PE", "Cavaleiro", 404, "Casa G"),
("444.555.666-77", "Rua do Comércio", "Recife", "51050-008", "PE", "Boa Vista", 505, "Loja B"),
("444.555.666-78", "Avenida das Flores", "Igarassu", "53600-009", "PE", "Centro", 606, "Casa I"),
("444.555.666-88", "Rua da Praia", "Recife", "51060-010", "PE", "Pina", 707, "Apartamento 301"),
("555.666.777-88", "Avenida dos Coqueiros", "Recife", "51070-011", "PE", "Boa Viagem", 808, "Casa K"),
("777.888.999-00", "Rua do Comércio", "Recife", "51080-012", "PE", "Boa Vista", 909, "Loja C"),
("888.799.000-11", "Rua das Flores", "Recife", "51100-014", "PE", "Boa Viagem", 1111, "Apartamento 402"),
("888.999.000-11", "Avenida da Paz", "Recife", "51110-015", "PE", "Casa Forte", 1212, "Casa O"),
("888.999.000-22", "Rua do Comércio", "Paulista", "53400-016", "PE", "Centro", 1313, "Loja D"),
("987.634.321-00", "Rua do Mercado", "Recife", "51120-017", "PE", "Centro", 1414, "Casa Q"),
("987.654.321-00", "Rua da Paz", "Recife", "51121-018", "PE", "Boa Vista", 1515, "Apartamento 501"),
("999.000.111-22", "Rua Engenho Rainha dos Anjos", "Recife", "50820-220", "PE", "Mangueira", 8, "Casa") ,
("987.654.321-11", "Rua Vila do Colarinho", "Olinda", "57123-456", "PE", "Madureira", 1235, "Apartamento");

insert into EnderecoForn (Fornecedor_cnpj, rua , cidade, CEP, uf, bairro, numero , complemento)
values 
(112233, "R. São Miguel", "Recife", "50850-000", "PE", "Afogados", 1643, "Deposito"),
(10112233, 'Rua do Comércio', 'Recife', '50800-001', 'PE', 'Centro', 123, 'Loja A'),
(11223844, 'Avenida das Flores', 'Recife', '50810-002', 'PE', 'Boa Vista', 456, 'Casa B'),
(11443346, 'Rua da Paz', 'Olinda', '53000-003', 'PE', 'Centro', 789, 'Sala 3'),
(12345678, 'Avenida Principal', 'Camaragibe', '54770-004', 'PE', 'Cidade Universitária', 101, 'Loja D'),
(22334455, 'Rua do Mercado', 'Recife', '50820-005', 'PE', 'Boa Vista', 202, 'Casa E'),
(22337455, 'Rua da Praia', 'Igarassu', '53600-006', 'PE', 'Centro', 303, 'Apto 202'),
(33445566, 'Avenida dos Esportes', 'Jaboatão dos Guararapes', '54300-007', 'PE', 'Cavaleiro', 404, 'Casa F'),
(33449566, 'Rua do Parque', 'Recife', '50830-008', 'PE', 'Jardim São Paulo', 505, 'Loja G'),
(44536677, 'Avenida da Paz', 'Recife', '50840-009', 'PE', 'Casa Forte', 606, 'Casa H'),
(44556677, 'Rua Juarez Millet', 'Recife', '50850-010', 'PE', 'Jiquiá', 707, 'Apartamento 301'),
(55667788, 'Avenida dos Coqueiros', 'Recife', '50860-011', 'PE', 'Boa Viagem', 808, 'Casa I'),
(66778899, 'Rua das Flores', 'Recife', '50870-012', 'PE', 'Boa Viagem', 909, 'Loja J'),
(67678899, 'Avenida da Praia', 'Recife', '50880-013', 'PE', 'Pina', 1010, 'Casa K'),
(77889900, 'Rua do Comércio', 'Recife', '50890-014', 'PE', 'Boa Vista', 1111, 'Apartamento 402'),
(77889901, 'Avenida da Paz', 'Recife', '50900-015', 'PE', 'Casa Forte', 1212, 'Casa L'),
(88990011, 'Rua das Flores', 'Paulista', '53400-016', 'PE', 'Centro', 1313, 'Loja M'),
(88990014, 'Rua do Comércio', 'Recife', '50910-017', 'PE', 'Centro', 1414, 'Casa N'),
(99001122, 'Rua da Paz', 'Recife', '50920-018', 'PE', 'Boa Vista', 1515, 'Apartamento 501'),
(99801122, 'Avenida da Praia', 'Recife', '50921-019', 'PE', 'Pina', 1616, 'Casa O');

insert into Trabalhar (Funcionario_cpf, Cargo_idCargo) values 
("777.888.999-44", 23),
("888.999.000-11", 22),
("111.222.333-55", ROUND(RAND() * 22) + 1),
("111.222.333-75", ROUND(RAND() * 22) + 1),
("123.456.789-00", ROUND(RAND() * 22) + 1),
("123.456.789-11", ROUND(RAND() * 22) + 1),
("123.486.789-00", ROUND(RAND() * 22) + 1),
("333.444.555-66", ROUND(RAND() * 22) + 1),
("444.555.666-77", ROUND(RAND() * 22) + 1),
("444.555.666-78", ROUND(RAND() * 22) + 1),
("444.555.666-88", ROUND(RAND() * 22) + 1),
("555.666.777-88", ROUND(RAND() * 22) + 1),
("777.888.999-00", ROUND(RAND() * 22) + 1),
("888.799.000-11", ROUND(RAND() * 22) + 1),
("888.999.000-22", ROUND(RAND() * 22) + 1),
("987.634.321-00", ROUND(RAND() * 22) + 1),
("987.654.321-00", ROUND(RAND() * 22) + 1),
("987.654.321-11", ROUND(RAND() * 22) + 1),
("999.000.111-22", ROUND(RAND() * 22) + 1),
("111.222.333-44", ROUND(RAND() * 22) + 1);

INSERT INTO Telefone (numero, Clientes_cpf) VALUES
("8843-0176", "11223344556"),
("1234-5678", "12345678901"),
("9999-8888", "159.753.456-21"),
("1111-2222", "22334455667"),
("2222-3333", "23456789012"),
("3333-4444", "321.654.987-87"),
("4444-5555", "33445566778"),
("5555-6666", "34567890123"),
("6666-7777", "44556677889"),
("7777-8888", "456.789.123-54"),
("8888-9999", "45678901234"),
("0000-1111", "55667788990"),
("1122-3344", "56789012345"),
("2233-4455", "66778899001"),
("3344-5566", "67890123456"),
("4455-6677", "77766788777"),
("5566-7788", "77889900112"),
("6677-8899", "789.123.456-32"),
("7788-9900", "78901234567"),
("8899-0011", "88890132133"),
("9900-1122", "89012345678"),
("1122-3644", "90123456789"),
("2273-4455", "98387482311"),
("3344-5866", "987.654.321-98"),
("4455-6777", "99987656722");

INSERT INTO Telefone (numero, Funcionario_cpf) VALUES
("1441-2222", "111.222.333-44"),
("2362-3333", "111.222.333-55"),
("3783-4444", "111.222.333-75"),
("4124-5555", "123.456.789-00"),
("5145-6666", "123.456.789-11"),
("6696-7777", "123.486.789-00"),
("7367-8888", "333.444.555-66"),
("8178-9999", "444.555.666-77"),
("9129-0000", "444.555.666-78"),
("0150-1111", "444.555.666-88"),
("1231-2222", "555.666.777-88"),
("2562-3333", "777.888.999-00"),
("3363-4444", "777.888.999-44"),
("7894-5555", "888.799.000-11"),
("5565-6646", "888.999.000-11"),
("6626-7237", "888.999.000-22"),
("7157-8368", "987.634.321-00"),
("8128-9459", "987.654.321-00"),
("9531-0000", "987.654.321-11"),
("7981-1111", "999.000.111-22");


INSERT INTO Telefone (numero, Fornecedor_cnpj) VALUES
("6547-1139", 10112233),
("6547-1239", 112233),
("9876-5432", 11223844),
("1234-5578", 11443346),
("8765-4321", 12345678),
("2345-6789", 22334455),
("3456-7890", 22337455),
("5678-9012", 33445566),
("7890-1234", 33449566),
("8901-2345", 44536677),
("9886-5432", 44556677),
("8765-4391", 55667788),
("1592-3244", 66778899),
("3344-9966", 67678899),
("5566-9888", 77889900),
("7788-9901", 77889901),
("9903-1122", 88990011),
("1192-3344", 88990014),
("7233-4459", 99001122),
("4958-6677", 99801122);

INSERT INTO `Transacao Financeira` (`dataTransacao`, `tipo`, `valor`, `Funcionario_cpf`) VALUES 
    ("2023-12-04 22:30:00", "Transferencia Bancaria", 1200.00, "111.222.333-44"),
    ("2023-12-05 10:45:00", "Pagamento de Fatura", 1500.50, "111.222.333-55"),
    ("2023-12-06 15:20:00", "Compra Online", 789.99, "111.222.333-75"),
    ("2023-12-07 18:10:00", "Deposito em Dinheiro", 1500.00, "123.456.789-00"),
    ("2023-12-08 08:30:00", "PIX", 1200.00, "123.456.789-11"),
    ("2023-12-09 14:55:00", "Transferencia Bancaria", 1000.00, "123.486.789-00"),
    ("2023-12-10 12:40:00", "Pagamento de Conta", 3000.00, "333.444.555-66"),
    ("2023-12-11 09:20:00", "Transferencia Bancaria", 1800.00, "444.555.666-77"),
    ("2023-12-12 16:15:00", "Transferencia Bancaria", 120.50, "444.555.666-78"),
    ("2023-12-13 20:00:00", "Compra em Loja", 50.00, "444.555.666-88"),
    ("2023-12-14 11:30:00", "Pagamento de Fatura", 1600.00, "555.666.777-88"),
    ("2023-12-15 17:45:00", "Transferencia Bancaria", 2000.00, "777.888.999-00"),
    ("2023-12-16 14:10:00", "Transferencia Bancaria", 1200.00, "777.888.999-44"),
    ("2023-12-17 09:55:00", "Compra Online", 350.00, "888.799.000-11"),
    ("2023-12-18 12:25:00", "PIX", 100.00, "888.999.000-11"),
    ("2023-12-19 18:30:00", "Pagamento de Fatura", 1750.00, "888.999.000-22"),
    ("2023-12-20 22:10:00", "Transferencia Bancaria", 1600.00, "987.634.321-00"),
    ("2023-12-21 11:40:00", "PIX", 90.00, "987.654.321-00"),
    ("2023-12-22 16:20:00", "Transferencia Bancaria", 2430.50, "987.654.321-11"),
    ("2023-12-23 08:15:00", "Pagamento de Fatura", 1300.00, "999.000.111-22");
 
 
INSERT INTO `Transacao Financeira` (`dataTransacao`, `tipo`, `valor`, `Fornecedor_cnpj`) VALUES 
 ("2023-12-04 22:30:00", "Transferencia Bancaria", 1200.00, 11223844),
("2023-12-04 22:30:00", "Transferencia Bancaria", 1200.00, 10112233),
("2023-12-05 10:45:00", "Pagamento de Fatura", 500.50, 12345678),
("2023-12-06 15:20:00", "Compra Online", 789.99, 22334455),
("2023-12-07 18:10:00", "Deposito em Dinheiro", 1500.00, 22337455),
("2023-12-08 08:30:00", "PIX", 2200.00, 33445566),
("2023-12-09 14:55:00", "Transferencia Bancaria", 1000.00, 33449566),
("2023-12-10 12:40:00", "Pagamento de Conta", 300.00, 44536677),
("2023-12-11 09:20:00", "Transferencia Bancaria", 800.00, 44556677),
("2023-12-12 16:15:00", "Transferencia Bancaria", 120.50, 55667788),
("2023-12-13 20:00:00", "Compra em Loja", 50.00, 66778899),
("2023-12-14 11:30:00", "Pagamento de Fatura", 600.00, 67678899),
("2023-12-15 17:45:00", "Transferencia Bancaria", 2000.00, 77889900),
("2023-12-16 14:10:00", "Transferencia Bancaria", 1200.00, 77889901),
("2023-12-17 09:55:00", "Compra Online", 350.00, 88990011),
("2023-12-18 12:25:00", "PIX", 1100.00, 88990014),
("2023-12-19 18:30:00", "Pagamento de Fatura", 750.00, 99001122),
("2023-12-20 22:10:00", "Transferencia Bancaria", 1600.00, 99801122),
("2023-12-21 11:40:00", "Compra em Loja", 90.00, 11223844),
("2023-12-22 16:20:00", "Transferencia Bancaria", 430.50, 11443346);


insert into Compras (idCompra, `data`, valor, Produto_idProduto, Fornecedor_cnpj) values 
(1, "2023-12-23 16:59:00", 1200, 4, 10112233),
(2, "2023-12-23 16:59:00", 1200, 17, 12345678),
(3, "2023-12-23 16:59:00", 1200, 5, 12345678),
(4, "2023-12-23 14:59:00", 1200, 7, 11443346),
(5, "2023-12-23 14:59:00", 1200, 8, 22334455),
(6, "2023-12-23 14:59:00", 1200, 14, 33445566),
(7, "2023-11-23 14:59:00", 1200, 10, 55667788),
(8, "2023-11-20 15:59:00", 1200, 13, 66778899),
(9, "2023-11-20 16:59:00", 1200, 1, 67678899), 
(10, "2023-11-20 16:59:00", 1200, 17, 77889900),
(11, "2023-11-20 16:59:00", 1200, 20, 77889901),
(12, "2023-11-20 16:59:00", 1200, 23, 88990011),
(13, "2023-11-20 16:59:00", 1200, 24, 88990014),
(14, "2023-11-20 16:59:00", 1200, 19, 99001122),
(15, "2023-11-02 16:59:00", 1200, 3, 12345678),
(16, "2023-11-02 16:59:00", 1200, 4, 66778899),
(17, "2023-11-02 16:59:00", 1200, 18, 99801122),
(18, "2023-11-12 16:59:00", 1200, 25, 12345678),
(19, "2023-11-12 16:59:00", 1200, 9, 11223844),
(20, "2023-11-12 16:59:00", 1200, 6, 44536677);

insert into Pedidos (dataPedido, statusPedido, valorPedido, descricao, Clientes_cpf, Funcionario_cpf) values 
('2023-06-12 13:00:00', "em andamento", '15.20', 'cupcake de chocolate', '11223344556', '444.555.666-78'),
('2023-06-12 14:00:00', "concluido", '12.22', 'Fatia Bolo de Morango', '12345678901', '987.654.321-00'), 
('2023-06-13 15:30:00', "em andamento", '8.70', 'Cupcake Chocolate', '22334455667', '987.654.321-00'),
('2023-06-14 16:45:00', "concluido", '20.00', 'Caixa de Brigadeiros Gourmet', '33445566778', '444.555.666-78'),
('2023-06-15 17:15:00', "em andamento", '3.50', 'Cookie de Nozes', '44556677889', '987.654.321-00'),
('2023-06-16 18:30:00', "concluido", '18.90', 'Fatia Torta de Limão', '55667788990', '444.555.666-78'),
('2023-06-17 19:45:00', "em andamento", '7.50', 'Cupcake de Baunilha', '66778899001', '987.654.321-00'),
('2023-06-18 20:00:00', "concluido", '15.90', 'Fatia Bolo Red Velvet', '77889900112', '444.555.666-78'),
('2023-06-19 21:30:00', "em andamento", '25.00', 'Caixa de Macarons Sortidos', '11223344556', '987.654.321-00'),
('2023-06-20 22:15:00', "concluido", '4.20', 'Cookies de Chocolate Branco e Framboesa', '12345678901', '444.555.666-78'),
('2023-06-21 23:00:00', "em andamento", '22.50', 'Fatia Torta de Maçã', '23456789012', '987.654.321-00'),
('2023-06-22 13:30:00', "concluido", '6.80', 'Cupcake de Limão', '34567890123', '444.555.666-78'),
('2023-06-23 14:45:00', "em andamento", '19.50', 'Fatia Bolo de Chocolate Triplo', '45678901234', '987.654.321-00'),
('2023-06-24 15:15:00', "concluido", '28.00', 'Caixa de Trufas de Chocolate Amargo', '56789012345', '444.555.666-78'),
('2023-06-25 16:30:00', "em andamento", '3.80', 'Cookies de Manteiga de Amendoim', '67890123456', '987.654.321-00'),
('2023-06-26 17:45:00', "concluido", '17.80', 'Fatia Torta de Cereja', '78901234567', '444.555.666-78'),
('2023-06-27 18:15:00', "em andamento", '8.90', 'Cupcake Red Velvet', '89012345678', '987.654.321-00'),
('2023-06-28 19:30:00', "concluido", '14.20', 'Fatia Bolo de Coco', '90123456789', '444.555.666-78'),
('2023-06-29 20:45:00', "em andamento", '35.00', 'Caixa de Doces Finos Sortidos', '11223344556', '987.654.321-00'),
('2023-06-30 21:30:00', "concluido", '4.00', 'Cookies de Aveia com Passas', '22334455667', '444.555.666-78'),
('2023-07-01 22:15:00', "em andamento", '21.50', 'Fatia Torta de Pêssego', '33445566778', '987.654.321-00'),
('2023-07-02 23:00:00', "concluido", '7.90', 'Cupcake de Morango', '44556677889', '444.555.666-78');






insert into Entregas (idEntrega,dataEntrega, statusEntrega, funcionario_cpf, Pedidos_idPedido) values 
(1,'2023-06-12 14:00:00', "concluido", '777.888.999-44', '1'),
(2,'2023-06-12 15:00:00', "concluido", '777.888.999-44', '2'),
(3,'2023-06-13 16:00:00', "em andamento", '777.888.999-44', '3'),
(4,'2023-06-14 16:30:00', "concluido", '555.666.777-88', '4'),
(5,'2023-06-15 17:30:00', "em andamento", '555.666.777-88', '5'),
(6,'2023-06-16 18:45:00', "concluido", '555.666.777-88', '6'),
(7,'2023-06-17 19:45:00', "em andamento", '555.666.777-88', '7'),
(8,'2023-06-18 20:15:00', "concluido", '555.666.777-88', '8'),
(9,'2023-06-19 21:30:00', "em andamento", '555.666.777-88', '9'),
(10,'2023-06-20 22:45:00', "concluido", '555.666.777-88', '10'),
(11,'2023-06-21 23:15:00', "em andamento", '555.666.777-88', '11'),
(12,'2023-06-22 13:45:00', "concluido", '555.666.777-88', '12'),
(13,'2023-06-23 14:45:00', "em andamento", '555.666.777-88', '13'),
(14,'2023-06-24 15:45:00', "concluido", '555.666.777-88', '14'),
(15,'2023-06-25 16:45:00', "em andamento", '555.666.777-88', '15'),
(16,'2023-06-26 17:45:00', "concluido", '555.666.777-88', '16'),
(17,'2023-06-27 18:45:00', "em andamento", '555.666.777-88', '17'),
(18,'2023-06-28 19:45:00', "concluido", '555.666.777-88', '18'),
(19,'2023-06-29 20:45:00', "em andamento", '555.666.777-88', '19'),
(20,'2023-06-30 21:45:00', "concluido", '555.666.777-88', '20');



insert into itensVenda(Produto_idProduto, Pedidos_idPedido) values
(1, 1),
(2, 2),
(3, 1),
(4, 3),
(5,  4),
(6, 5),
(7, 6),
(8, 7),
(9, 8),
(10, 1),
(11, 10),
(12, 11),
(13, 12),
(14, 13),
(15, 14),
(16, 15),
(17, 16),
(18, 17),
(19, 18),
(20, 21);

insert into Custos (idCusto, valorPag, dataPag, dataVenc, juros, Compras_idCompra) values
(1,'1200.00', '2023-12-12', '2023-12-30', 2.00, 1),
(2, '1200.00', '2023-11-30', '2023-12-15', 1.50, 2),
(3, '1200.00', '2023-10-25', '2023-11-10', 1.75, 3),
(4, '1200.00', '2023-12-05', '2023-12-20', 2.25, 4),
(5, '1200.00', '2023-11-29', '2023-12-15', 1.25, 5),
(6, '1200.00', '2023-11-30', '2023-12-15', 1.50, 6),
(7, '1200.00', '2023-10-15', '2023-10-30', 1.00, 7),
(8, '1200.00', '2023-11-10', '2023-11-25', 1.25, 8),
(9, '1200.00', '2023-10-15', '2023-10-30', 1.00, 9),
(10, '1200.00', '2023-11-30', '2023-12-15', 1.50, 10),
(11, '1200.00', '2023-11-30', '2023-12-15', 1.50, 11),
(12, '1200.00', '2023-11-30', '2023-12-15', 1.50, 12),
(13, '1200.00', '2023-11-30', '2023-12-15', 1.50, 13),
(14, '1200.00', '2023-11-30', '2023-12-15', 1.50, 14),
(15, '1200.00', '2023-10-30', '2023-11-15', 1.25, 15),
(16, '1200.00', '2023-10-30', '2023-11-15', 1.25, 16),
(17, '1200.00', '2023-10-30', '2023-11-15', 1.25, 17),
(18, '1200.00', '2023-11-10', '2023-11-25', 1.25, 18),
(19, '1200.00', '2023-11-10', '2023-11-25', 1.25, 19),
(20, '1200.00', '2023-11-10', '2023-11-25', 1.25, 20);

alter table `Transacao Financeira` add column `idTransacao Financeira` int primary key auto_increment not null;
alter table `Transacao Financeira` drop column `idTransacao Financeira`;
alter table Produtos modify column `desc` varchar(80) not null;
alter table Telefone add column `idTelefone` int primary key auto_increment not null;
alter table Telefone drop column `idTelefone`;
alter table `Transacao Financeira` rename column `dataTransicaol` to  dataTransacao;
alter table Pedidos modify column descricao varchar(80) not null;



select * from itensVenda;
select * From Pedidos;
select * from Entregas;
select * from Compras;
select * from `Transacao Financeira`;
select * from Telefone;
select * from Funcionarios;
select * from Clientes;
select * from Cargos;
select * from Fornecedor;
select * from Produtos;
select * from EnderecoFunc;
select * from EnderecoForn;
select * from Trabalhar;

select cpf from Funcionarios;
select avg(salario) from Funcionarios;

select Func.cpf as `CPF do Funcionario`, Func.nome as `Nome do Funcionario`, concat("R$ ", round(Func.salario,2)) as `Salário`,
 Trab.Cargo_idCargo as `ID de Serie do Cargo`, Cag.nome as `Seu Cargo`
from Trabalhar Trab, Funcionarios Func, Cargos Cag
where Func.cpf = Trab.Funcionario_cpf and Trab.Cargo_idCargo = idCargo
order by Func.nome;

select Func.cpf as `CPF do Funcionario` ,Func.nome `Seu Nome` ,
Ende.rua `Rua`, Ende.cidade `Cidade`, Ende.CEP `Cep`, Ende.uf `UF`, Ende.bairro`Bairro`,
 Ende.numero `Número da Residencia` , Ende.complemento `Complemento `
from Funcionarios Func, EnderecoFunc Ende
where Func.cpf = Ende.Funcionario_cpf
order by Func.nome;

select Func.cpf as `CPF do Funcionario` ,Func.nome `Seu Nome` , concat("R$ ", round(Func.salario,2)) as `Salário`,
Ende.uf `UF`
from Funcionarios Func, EnderecoFunc Ende
where salario >= (select avg(salario) from Funcionarios) and Func.cpf = Ende.Funcionario_cpf and Ende.uf like ("%PE%")
order by Func.nome;

select Prod.idProduto as `ID dos Produtos`, Prod.nome `Nome do Produto`, Prod.`desc` `Descrição`, concat("R$ ",
 round(Prod.precoUnitario,2)) as Preço, Prod.categoria Categoria, Prod.qtd Quantidade
 from Produtos prod
 where precoUnitario >= 10.0;

select case sexo when "F" then "Feminino"
	when 'M' then "Masculino" end "Gênero",
	Cli.cpf as `CPF do Cliente`, Cli.nome `Nome do Cliente`, Cli.sexo `Sexo`, Cli.email `E-Mail`
    from Clientes Cli
where cpf >= 22222222222;

update Trabalhar
set Cargo_idCargo = 20 
where Funcionario_cpf = "555.666.777-88";

UPDATE Funcionarios
set salario = 1000
where cpf = "777.888.999-44";

update Funcionarios 
set dataDem = '2023=12=01' 
where cpf = "777.888.999-44";

update Funcionarios 
set dataDem = null 
where cpf = "777.888.999-44";

delete from Funcionarios
where cpf = "777.888.999-44";

update Produtos
set qtd = 150
where idProduto = 1-5;

update Produtos
set qtd = 250
where idProduto = 6-10;

update Produtos
set qtd = 250
where idProduto = 11-15;

update Produtos
set qtd = 300
where idProduto = 16-20;

update Produtos
set precoUnitario = 10.00
where idProduto = 16;

UPDATE Clientes 
set email = "julia.costa23@example.com"
where cpf = "22334455667";

UPDATE Clientes
set nome = "Otáviano Oliviera"
where cpf = "77889900112";

UPDATE Clientes
set sexo = "M"
where cpf = "90123456789";

UPDATE Clientes
set nome = "Jorge Luís"
where cpf = "90123456789";

UPDATE Clientes
set email = "eduardo13.lima@example.com"
where cpf = "67890123456";

UPDATE Fornecedor
SET precoFrete = 12.99
WHERE cnpj = '11223445';

UPDATE Fornecedor
SET precoFrete = 15.98
WHERE cnpj = '223365556';

UPDATE Fornecedor
SET precoFrete = 9.25
WHERE cnpj = '364455667';

UPDATE Fornecedor
SET precoFrete = 20.50
WHERE cnpj = '445656778';

UPDATE Fornecedor
SET precoFrete = 5.15
WHERE cnpj = '556679589';

SET SQL_MODE=@OLD_SQL_MODE;
SET FOREIGN_KEY_CHECKS=@OLD_FOREIGN_KEY_CHECKS;
SET UNIQUE_CHECKS=@OLD_UNIQUE_CHECKS;
